ID,graphml
lca0,"<graphml xmlns=""http://graphml.graphdrawing.org/xmlns"" xmlns:xsi=""http://www.w3.org/2001/XMLSchema-instance"" xsi:schemaLocation=""http://graphml.graphdrawing.org/xmlns http://graphml.graphdrawing.org/xmlns/1.0/graphml.xsd"">  <key id=""d0"" for=""node"" attr.name=""names"" attr.type=""string"" />  <graph edgedefault=""undirected"">    <node id=""Roj Nemennuh Sarton"">      <data key=""d0"">Roj Nemennuh Sarton</data>    </node>    <node id=""Enderby"">      <data key=""d0"">JULIUS ENDERBY;Enderby;Julius</data>    </node>    <node id=""Sammy"">      <data key=""d0"">R. Sammy;Sammy</data>    </node>    <node id=""Robot Daneel"">      <data key=""d0"">Robot Daneel</data>    </node>    <node id=""Vince"">      <data key=""d0"">Vince Barrett;Vince</data>    </node>    <node id=""Baley"">      <data key=""d0"">Baley</data>    </node>    <node id=""Jacques"">      <data key=""d0"">Jacques</data>    </node>    <node id=""Jessie"">      <data key=""d0"">Jessie</data>    </node>    <node id=""Paul"">      <data key=""d0"">Paul</data>    </node>    <node id=""Simpson"">      <data key=""d0"">Simpson</data>    </node>    <edge source=""Enderby"" target=""Baley"" />    <edge source=""Enderby"" target=""Jacques"" />    <edge source=""Sammy"" target=""Vince"" />    <edge source=""Sammy"" target=""Simpson"" />    <edge source=""Baley"" target=""Jacques"" />    <edge source=""Baley"" target=""Paul"" />    <edge source=""Jacques"" target=""Paul"" />  </graph></graphml>"
lca1,"<graphml xmlns=""http://graphml.graphdrawing.org/xmlns"" xmlns:xsi=""http://www.w3.org/2001/XMLSchema-instance"" xsi:schemaLocation=""http://graphml.graphdrawing.org/xmlns http://graphml.graphdrawing.org/xmlns/1.0/graphml.xsd"">  <key id=""d0"" for=""node"" attr.name=""names"" attr.type=""string"" />  <graph edgedefault=""undirected"">    <node id=""Daneel"">      <data key=""d0"">R. Daneel Olivaw;Daneel Olivaw;R. Daneel;Daneel;Olivaw</data>    </node>    <node id=""Baley"">      <data key=""d0"">Elijah Baley;Elijah;Baley</data>    </node>    <node id=""Enderby"">      <data key=""d0"">Julius Enderby;Enderby</data>    </node>    <node id=""R. Sammy"">      <data key=""d0"">R. Sammy</data>    </node>    <edge source=""Daneel"" target=""Baley"" />    <edge source=""Baley"" target=""Enderby"" />  </graph></graphml>"
lca2,"<graphml xmlns=""http://graphml.graphdrawing.org/xmlns"" xmlns:xsi=""http://www.w3.org/2001/XMLSchema-instance"" xsi:schemaLocation=""http://graphml.graphdrawing.org/xmlns http://graphml.graphdrawing.org/xmlns/1.0/graphml.xsd"">  <key id=""d0"" for=""node"" attr.name=""names"" attr.type=""string"" />  <graph edgedefault=""undirected"">    <node id=""Daneel"">      <data key=""d0"">R. Daneel;Daneel</data>    </node>    <node id=""Baley"">      <data key=""d0"">Baley</data>    </node>    <node id=""Boris"">      <data key=""d0"">Boris</data>    </node>    <node id=""Elijah"">      <data key=""d0"">Elijah</data>    </node>    <node id=""Lije"">      <data key=""d0"">Lije</data>    </node>    <edge source=""Daneel"" target=""Baley"" />    <edge source=""Baley"" target=""Boris"" />    <edge source=""Baley"" target=""Lije"" />  </graph></graphml>"
lca3,"<graphml xmlns=""http://graphml.graphdrawing.org/xmlns"" xmlns:xsi=""http://www.w3.org/2001/XMLSchema-instance"" xsi:schemaLocation=""http://graphml.graphdrawing.org/xmlns http://graphml.graphdrawing.org/xmlns/1.0/graphml.xsd"">  <key id=""d0"" for=""node"" attr.name=""names"" attr.type=""string"" />  <graph edgedefault=""undirected"">    <node id=""Baley"">      <data key=""d0"">Bentley Baley;Lije Baley;Bentley;Baley;Lije</data>    </node>    <node id=""Daneel"">      <data key=""d0"">Daneel Olivaw;M. Olivaw;R. Daneel;Daneel;Olivaw</data>    </node>    <node id=""Julius Enderby"">      <data key=""d0"">Julius Enderby</data>    </node>    <node id=""J&#233;hu"">      <data key=""d0"">J&#233;hu galopa;J&#233;hu</data>    </node>    <node id=""Ahab"">      <data key=""d0"">Ahab</data>    </node>    <node id=""Baal"">      <data key=""d0"">Baal</data>    </node>    <node id=""Elie"">      <data key=""d0"">Elie</data>    </node>    <node id=""Elijah"">      <data key=""d0"">Elijah</data>    </node>    <node id=""Jesreel"">      <data key=""d0"">Jesreel</data>    </node>    <node id=""Jessie"">      <data key=""d0"">Jessie</data>    </node>    <node id=""J&#233;horam"">      <data key=""d0"">J&#233;horam</data>    </node>    <node id=""J&#233;zabel"">      <data key=""d0"">J&#233;zabel</data>    </node>    <node id=""Naboth"">      <data key=""d0"">Naboth</data>    </node>    <edge source=""Baley"" target=""Daneel"" />    <edge source=""Baley"" target=""Julius Enderby"" />    <edge source=""Baley"" target=""Elie"" />    <edge source=""Baley"" target=""Elijah"" />    <edge source=""Baley"" target=""Jessie"" />    <edge source=""Baley"" target=""J&#233;zabel"" />    <edge source=""Baley"" target=""Naboth"" />    <edge source=""Daneel"" target=""Jessie"" />    <edge source=""Julius Enderby"" target=""Jessie"" />    <edge source=""J&#233;hu"" target=""Ahab"" />    <edge source=""J&#233;hu"" target=""Jesreel"" />    <edge source=""J&#233;hu"" target=""J&#233;horam"" />    <edge source=""J&#233;hu"" target=""J&#233;zabel"" />    <edge source=""Ahab"" target=""J&#233;horam"" />    <edge source=""Ahab"" target=""J&#233;zabel"" />    <edge source=""Ahab"" target=""Naboth"" />    <edge source=""Baal"" target=""Elie"" />    <edge source=""Elie"" target=""Elijah"" />    <edge source=""Elie"" target=""Jessie"" />    <edge source=""Elie"" target=""J&#233;zabel"" />    <edge source=""Jesreel"" target=""J&#233;horam"" />    <edge source=""Jesreel"" target=""J&#233;zabel"" />    <edge source=""Jessie"" target=""J&#233;zabel"" />    <edge source=""Jessie"" target=""Naboth"" />    <edge source=""J&#233;horam"" target=""J&#233;zabel"" />    <edge source=""J&#233;zabel"" target=""Naboth"" />  </graph></graphml>"
lca4,"<graphml xmlns=""http://graphml.graphdrawing.org/xmlns"" xmlns:xsi=""http://www.w3.org/2001/XMLSchema-instance"" xsi:schemaLocation=""http://graphml.graphdrawing.org/xmlns http://graphml.graphdrawing.org/xmlns/1.0/graphml.xsd"">  <key id=""d0"" for=""node"" attr.name=""names"" attr.type=""string"" />  <graph edgedefault=""undirected"">    <node id=""Dr Sarton"">      <data key=""d0"">Dr Sarton</data>    </node>    <node id=""Enderby"">      <data key=""d0"">Julius Enderby;Enderby</data>    </node>    <node id=""Daneel"">      <data key=""d0"">R. Daneel;Daneel</data>    </node>    <node id=""Baley"">      <data key=""d0"">Baley</data>    </node>    <node id=""Elijah"">      <data key=""d0"">Elijah</data>    </node>    <node id=""Olivaw"">      <data key=""d0"">Olivaw</data>    </node>    <edge source=""Dr Sarton"" target=""Daneel"" />    <edge source=""Dr Sarton"" target=""Baley"" />    <edge source=""Enderby"" target=""Baley"" />    <edge source=""Daneel"" target=""Baley"" />    <edge source=""Daneel"" target=""Elijah"" />    <edge source=""Baley"" target=""Elijah"" />  </graph></graphml>"
lca5,"<graphml xmlns=""http://graphml.graphdrawing.org/xmlns"" xmlns:xsi=""http://www.w3.org/2001/XMLSchema-instance"" xsi:schemaLocation=""http://graphml.graphdrawing.org/xmlns http://graphml.graphdrawing.org/xmlns/1.0/graphml.xsd"">  <key id=""d0"" for=""node"" attr.name=""names"" attr.type=""string"" />  <graph edgedefault=""undirected"">    <node id=""Daneel"">      <data key=""d0"">R. Daneel Olivaw;Daneel</data>    </node>    <node id=""Baley"">      <data key=""d0"">Elijah Baley;Baley</data>    </node>    <node id=""Enderby"">      <data key=""d0"">Julius Enderby;Enderby</data>    </node>    <node id=""Bentley"">      <data key=""d0"">Bentley</data>    </node>    <edge source=""Daneel"" target=""Baley"" />    <edge source=""Baley"" target=""Enderby"" />  </graph></graphml>"
lca6,"<graphml xmlns=""http://graphml.graphdrawing.org/xmlns"" xmlns:xsi=""http://www.w3.org/2001/XMLSchema-instance"" xsi:schemaLocation=""http://graphml.graphdrawing.org/xmlns http://graphml.graphdrawing.org/xmlns/1.0/graphml.xsd"">  <key id=""d0"" for=""node"" attr.name=""names"" attr.type=""string"" />  <graph edgedefault=""undirected"">    <node id=""Daneel"">      <data key=""d0"">R. Daneel Olivaw;Daneel Olivaw;R. Daneel;Daneel</data>    </node>    <node id=""Dr Sarton"">      <data key=""d0"">Dr Sarton</data>    </node>    <node id=""R. Sammy"">      <data key=""d0"">R. Sammy</data>    </node>    <node id=""Baley"">      <data key=""d0"">Baley</data>    </node>    <node id=""Elijah"">      <data key=""d0"">Elijah</data>    </node>    <node id=""Enderby"">      <data key=""d0"">Enderby</data>    </node>    <node id=""Fastolfe"">      <data key=""d0"">Fastolfe</data>    </node>    <edge source=""Daneel"" target=""Baley"" />    <edge source=""Daneel"" target=""Elijah"" />    <edge source=""Daneel"" target=""Enderby"" />    <edge source=""Daneel"" target=""Fastolfe"" />    <edge source=""Dr Sarton"" target=""Baley"" />    <edge source=""Dr Sarton"" target=""Enderby"" />    <edge source=""Dr Sarton"" target=""Fastolfe"" />    <edge source=""Baley"" target=""Elijah"" />    <edge source=""Baley"" target=""Enderby"" />    <edge source=""Baley"" target=""Fastolfe"" />    <edge source=""Enderby"" target=""Fastolfe"" />  </graph></graphml>"
lca7,"<graphml xmlns=""http://graphml.graphdrawing.org/xmlns"" xmlns:xsi=""http://www.w3.org/2001/XMLSchema-instance"" xsi:schemaLocation=""http://graphml.graphdrawing.org/xmlns http://graphml.graphdrawing.org/xmlns/1.0/graphml.xsd"">  <key id=""d0"" for=""node"" attr.name=""names"" attr.type=""string"" />  <graph edgedefault=""undirected"">    <node id=""Daneel"">      <data key=""d0"">Daneel Olivaw;R. Daneel;Daneel</data>    </node>    <node id=""Dr Sarton"">      <data key=""d0"">Dr Sarton</data>    </node>    <node id=""Baley"">      <data key=""d0"">Baley</data>    </node>    <node id=""Enderby"">      <data key=""d0"">Enderby</data>    </node>    <node id=""Fastolfe"">      <data key=""d0"">Fastolfe</data>    </node>    <node id=""Julius"">      <data key=""d0"">Julius</data>    </node>    <node id=""Lije"">      <data key=""d0"">Lije</data>    </node>    <edge source=""Daneel"" target=""Dr Sarton"" />    <edge source=""Daneel"" target=""Baley"" />    <edge source=""Daneel"" target=""Enderby"" />    <edge source=""Daneel"" target=""Fastolfe"" />    <edge source=""Dr Sarton"" target=""Baley"" />    <edge source=""Dr Sarton"" target=""Enderby"" />    <edge source=""Dr Sarton"" target=""Fastolfe"" />    <edge source=""Dr Sarton"" target=""Lije"" />    <edge source=""Baley"" target=""Enderby"" />    <edge source=""Baley"" target=""Fastolfe"" />    <edge source=""Baley"" target=""Lije"" />    <edge source=""Enderby"" target=""Fastolfe"" />    <edge source=""Enderby"" target=""Lije"" />  </graph></graphml>"
lca8,"<graphml xmlns=""http://graphml.graphdrawing.org/xmlns"" xmlns:xsi=""http://www.w3.org/2001/XMLSchema-instance"" xsi:schemaLocation=""http://graphml.graphdrawing.org/xmlns http://graphml.graphdrawing.org/xmlns/1.0/graphml.xsd"">  <key id=""d0"" for=""node"" attr.name=""names"" attr.type=""string"" />  <graph edgedefault=""undirected"">    <node id=""Baley"">      <data key=""d0"">Mon cher monsieur Baley;Baley</data>    </node>    <node id=""Fastolfe"">      <data key=""d0"">Dr Fastolfe;Fastolfe</data>    </node>    <node id=""Daneel"">      <data key=""d0"">R. Daneel;Daneel</data>    </node>    <node id=""Elijah"">      <data key=""d0"">Elijah</data>    </node>    <edge source=""Baley"" target=""Fastolfe"" />    <edge source=""Baley"" target=""Daneel"" />    <edge source=""Fastolfe"" target=""Daneel"" />    <edge source=""Fastolfe"" target=""Elijah"" />    <edge source=""Daneel"" target=""Elijah"" />  </graph></graphml>"
lca9,"<graphml xmlns=""http://graphml.graphdrawing.org/xmlns"" xmlns:xsi=""http://www.w3.org/2001/XMLSchema-instance"" xsi:schemaLocation=""http://graphml.graphdrawing.org/xmlns http://graphml.graphdrawing.org/xmlns/1.0/graphml.xsd"">  <key id=""d0"" for=""node"" attr.name=""names"" attr.type=""string"" />  <graph edgedefault=""undirected"">    <node id=""Fastolfe"">      <data key=""d0"">Dr Fastolfe;Fastolfe</data>    </node>    <node id=""Dr Sarton"">      <data key=""d0"">Dr Sarton</data>    </node>    <node id=""Daneel"">      <data key=""d0"">R. Daneel;Daneel</data>    </node>    <node id=""Baley"">      <data key=""d0"">grommela Baley;Baley</data>    </node>    <node id=""Adam"">      <data key=""d0"">Adam</data>    </node>    <node id=""Bentley"">      <data key=""d0"">Bentley</data>    </node>    <node id=""Enderby"">      <data key=""d0"">Enderby</data>    </node>    <node id=""Jessie"">      <data key=""d0"">Jessie</data>    </node>    <node id=""Julius"">      <data key=""d0"">Julius</data>    </node>    <node id=""Shakespeare"">      <data key=""d0"">Shakespeare</data>    </node>    <edge source=""Fastolfe"" target=""Baley"" />    <edge source=""Fastolfe"" target=""Bentley"" />    <edge source=""Dr Sarton"" target=""Baley"" />    <edge source=""Dr Sarton"" target=""Enderby"" />    <edge source=""Daneel"" target=""Baley"" />    <edge source=""Daneel"" target=""Jessie"" />    <edge source=""Baley"" target=""Enderby"" />  </graph></graphml>"
lca10,"<graphml xmlns=""http://graphml.graphdrawing.org/xmlns"" xmlns:xsi=""http://www.w3.org/2001/XMLSchema-instance"" xsi:schemaLocation=""http://graphml.graphdrawing.org/xmlns http://graphml.graphdrawing.org/xmlns/1.0/graphml.xsd"">  <key id=""d0"" for=""node"" attr.name=""names"" attr.type=""string"" />  <graph edgedefault=""undirected"">    <node id=""Baley"">      <data key=""d0"">Elijah Baley;Elijah;Baley</data>    </node>    <node id=""Daneel"">      <data key=""d0"">R. Daneel;Daneel</data>    </node>    <node id=""Jessie"">      <data key=""d0"">Jessie</data>    </node>    <node id=""Lije"">      <data key=""d0"">Lije</data>    </node>    <edge source=""Baley"" target=""Daneel"" />    <edge source=""Baley"" target=""Jessie"" />    <edge source=""Jessie"" target=""Lije"" />  </graph></graphml>"
lca11,"<graphml xmlns=""http://graphml.graphdrawing.org/xmlns"" xmlns:xsi=""http://www.w3.org/2001/XMLSchema-instance"" xsi:schemaLocation=""http://graphml.graphdrawing.org/xmlns http://graphml.graphdrawing.org/xmlns/1.0/graphml.xsd"">  <key id=""d0"" for=""node"" attr.name=""names"" attr.type=""string"" />  <graph edgedefault=""undirected"">    <node id=""A. Gerrigel"">      <data key=""d0"">A. Gerrigel;Gerrigel</data>    </node>    <node id=""Francis Clousarr"">      <data key=""d0"">Francis Clousarr</data>    </node>    <node id=""Paul Gerhard"">      <data key=""d0"">Paul Gerhard</data>    </node>    <node id=""Daneel"">      <data key=""d0"">R. Daneel;Daneel</data>    </node>    <node id=""Sammy"">      <data key=""d0"">R. Sammy;Sammy</data>    </node>    <node id=""Baley"">      <data key=""d0"">Baley</data>    </node>    <node id=""Chester"">      <data key=""d0"">Chester</data>    </node>    <node id=""Enderby"">      <data key=""d0"">Enderby</data>    </node>    <node id=""Heisenberg"">      <data key=""d0"">Heisenberg</data>    </node>    <node id=""Julius"">      <data key=""d0"">Julius</data>    </node>    <edge source=""A. Gerrigel"" target=""Daneel"" />    <edge source=""A. Gerrigel"" target=""Baley"" />    <edge source=""Francis Clousarr"" target=""Baley"" />    <edge source=""Paul Gerhard"" target=""Baley"" />    <edge source=""Daneel"" target=""Baley"" />    <edge source=""Sammy"" target=""Baley"" />    <edge source=""Baley"" target=""Enderby"" />    <edge source=""Baley"" target=""Heisenberg"" />    <edge source=""Baley"" target=""Julius"" />  </graph></graphml>"
lca12,"<graphml xmlns=""http://graphml.graphdrawing.org/xmlns"" xmlns:xsi=""http://www.w3.org/2001/XMLSchema-instance"" xsi:schemaLocation=""http://graphml.graphdrawing.org/xmlns http://graphml.graphdrawing.org/xmlns/1.0/graphml.xsd"">  <key id=""d0"" for=""node"" attr.name=""names"" attr.type=""string"" />  <graph edgedefault=""undirected"">    <node id=""Dr Fastolfe"">      <data key=""d0"">Dr Fastolfe</data>    </node>    <node id=""Dr Sarton"">      <data key=""d0"">Dr Sarton</data>    </node>    <node id=""Enderby"">      <data key=""d0"">Julius Enderby;Enderby</data>    </node>    <node id=""Daneel"">      <data key=""d0"">R. Daneel;Daneel</data>    </node>    <node id=""Sammy"">      <data key=""d0"">R. Sammy;Sammy</data>    </node>    <node id=""Barrett"">      <data key=""d0"">Vince Barrett;Barrett</data>    </node>    <node id=""Baley"">      <data key=""d0"">Baley</data>    </node>    <node id=""Bentley"">      <data key=""d0"">Bentley</data>    </node>    <node id=""Elijah"">      <data key=""d0"">Elijah</data>    </node>    <node id=""Gerrigel"">      <data key=""d0"">Gerrigel</data>    </node>    <node id=""Norris"">      <data key=""d0"">Norris</data>    </node>    <node id=""Phil"">      <data key=""d0"">Phil</data>    </node>    <edge source=""Dr Fastolfe"" target=""Enderby"" />    <edge source=""Dr Fastolfe"" target=""Daneel"" />    <edge source=""Dr Sarton"" target=""Enderby"" />    <edge source=""Dr Sarton"" target=""Baley"" />    <edge source=""Enderby"" target=""Daneel"" />    <edge source=""Enderby"" target=""Baley"" />    <edge source=""Daneel"" target=""Baley"" />    <edge source=""Daneel"" target=""Elijah"" />    <edge source=""Daneel"" target=""Gerrigel"" />    <edge source=""Sammy"" target=""Barrett"" />    <edge source=""Sammy"" target=""Baley"" />    <edge source=""Sammy"" target=""Norris"" />    <edge source=""Barrett"" target=""Baley"" />    <edge source=""Barrett"" target=""Norris"" />    <edge source=""Baley"" target=""Elijah"" />    <edge source=""Baley"" target=""Gerrigel"" />    <edge source=""Baley"" target=""Norris"" />    <edge source=""Norris"" target=""Phil"" />  </graph></graphml>"
lca13,"<graphml xmlns=""http://graphml.graphdrawing.org/xmlns"" xmlns:xsi=""http://www.w3.org/2001/XMLSchema-instance"" xsi:schemaLocation=""http://graphml.graphdrawing.org/xmlns http://graphml.graphdrawing.org/xmlns/1.0/graphml.xsd"">  <key id=""d0"" for=""node"" attr.name=""names"" attr.type=""string"" />  <graph edgedefault=""undirected"">    <node id=""Francis Clousarr"">      <data key=""d0"">Francis Clousarr</data>    </node>    <node id=""Jane Myers"">      <data key=""d0"">Jane Myers</data>    </node>    <node id=""Joseph Klemin"">      <data key=""d0"">Joseph Klemin;Klemin</data>    </node>    <node id=""Daneel"">      <data key=""d0"">R. Daneel;Daneel</data>    </node>    <node id=""Baley"">      <data key=""d0"">Baley</data>    </node>    <node id=""Bentley"">      <data key=""d0"">Bentley</data>    </node>    <node id=""Elijah"">      <data key=""d0"">Elijah</data>    </node>    <node id=""Elisabeth"">      <data key=""d0"">Elisabeth</data>    </node>    <node id=""J&#233;zabel"">      <data key=""d0"">J&#233;zabel</data>    </node>    <node id=""Lizzy"">      <data key=""d0"">Lizzy</data>    </node>    <edge source=""Francis Clousarr"" target=""Daneel"" />    <edge source=""Francis Clousarr"" target=""Elijah"" />    <edge source=""Jane Myers"" target=""Elisabeth"" />    <edge source=""Daneel"" target=""Baley"" />    <edge source=""Daneel"" target=""Elijah"" />    <edge source=""Baley"" target=""J&#233;zabel"" />  </graph></graphml>"
lca14,"<graphml xmlns=""http://graphml.graphdrawing.org/xmlns"" xmlns:xsi=""http://www.w3.org/2001/XMLSchema-instance"" xsi:schemaLocation=""http://graphml.graphdrawing.org/xmlns http://graphml.graphdrawing.org/xmlns/1.0/graphml.xsd"">  <key id=""d0"" for=""node"" attr.name=""names"" attr.type=""string"" />  <graph edgedefault=""undirected"">    <node id=""Dr Fastolfe"">      <data key=""d0"">Dr Fastolfe</data>    </node>    <node id=""Clousarr"">      <data key=""d0"">Francis Clousarr;M. Clousarr;Clousarr</data>    </node>    <node id=""Daneel"">      <data key=""d0"">R. Daneel;Daneel</data>    </node>    <node id=""Sammy"">      <data key=""d0"">R. Sammy;Sammy</data>    </node>    <node id=""Baley"">      <data key=""d0"">Baley</data>    </node>    <node id=""Boris"">      <data key=""d0"">Boris</data>    </node>    <node id=""Enderby"">      <data key=""d0"">Enderby</data>    </node>    <edge source=""Dr Fastolfe"" target=""Baley"" />    <edge source=""Clousarr"" target=""Daneel"" />    <edge source=""Clousarr"" target=""Baley"" />    <edge source=""Daneel"" target=""Baley"" />    <edge source=""Sammy"" target=""Baley"" />    <edge source=""Baley"" target=""Enderby"" />  </graph></graphml>"
lca15,"<graphml xmlns=""http://graphml.graphdrawing.org/xmlns"" xmlns:xsi=""http://www.w3.org/2001/XMLSchema-instance"" xsi:schemaLocation=""http://graphml.graphdrawing.org/xmlns http://graphml.graphdrawing.org/xmlns/1.0/graphml.xsd"">  <key id=""d0"" for=""node"" attr.name=""names"" attr.type=""string"" />  <graph edgedefault=""undirected"">    <node id=""Docteur Gerrigel"">      <data key=""d0"">Docteur Gerrigel;saint Fastolfe;saint Gerrigel;Gerrigel</data>    </node>    <node id=""Daneel"">      <data key=""d0"">R. Daneel;Daneel</data>    </node>    <node id=""Sammy"">      <data key=""d0"">R. Sammy;Sammy</data>    </node>    <node id=""Vince Barrett"">      <data key=""d0"">Vince Barrett</data>    </node>    <node id=""Baley"">      <data key=""d0"">Baley</data>    </node>    <node id=""Clousarr"">      <data key=""d0"">Clousarr</data>    </node>    <node id=""Elijah"">      <data key=""d0"">Elijah</data>    </node>    <node id=""Enderby"">      <data key=""d0"">Enderby</data>    </node>    <node id=""Francis"">      <data key=""d0"">Francis</data>    </node>    <node id=""Julius"">      <data key=""d0"">Julius</data>    </node>    <edge source=""Docteur Gerrigel"" target=""Daneel"" />    <edge source=""Docteur Gerrigel"" target=""Baley"" />    <edge source=""Docteur Gerrigel"" target=""Elijah"" />    <edge source=""Docteur Gerrigel"" target=""Enderby"" />    <edge source=""Daneel"" target=""Sammy"" />    <edge source=""Daneel"" target=""Baley"" />    <edge source=""Daneel"" target=""Clousarr"" />    <edge source=""Daneel"" target=""Elijah"" />    <edge source=""Daneel"" target=""Enderby"" />    <edge source=""Daneel"" target=""Julius"" />    <edge source=""Sammy"" target=""Baley"" />    <edge source=""Sammy"" target=""Clousarr"" />    <edge source=""Sammy"" target=""Elijah"" />    <edge source=""Sammy"" target=""Enderby"" />    <edge source=""Baley"" target=""Clousarr"" />    <edge source=""Baley"" target=""Elijah"" />    <edge source=""Baley"" target=""Enderby"" />    <edge source=""Baley"" target=""Julius"" />    <edge source=""Clousarr"" target=""Elijah"" />    <edge source=""Enderby"" target=""Julius"" />  </graph></graphml>"
lca16,"<graphml xmlns=""http://graphml.graphdrawing.org/xmlns"" xmlns:xsi=""http://www.w3.org/2001/XMLSchema-instance"" xsi:schemaLocation=""http://graphml.graphdrawing.org/xmlns http://graphml.graphdrawing.org/xmlns/1.0/graphml.xsd"">  <key id=""d0"" for=""node"" attr.name=""names"" attr.type=""string"" />  <graph edgedefault=""undirected"">    <node id=""Dr Fastolfe"">      <data key=""d0"">Dr Fastolfe</data>    </node>    <node id=""Sarton"">      <data key=""d0"">l&#8217;affaire Sarton;affaire Sarton;Dr Sarton;Sarton</data>    </node>    <node id=""Baley"">      <data key=""d0"">Elijah Baley;Elijah;Baley</data>    </node>    <node id=""Francis Clousarr"">      <data key=""d0"">Francis Clousarr</data>    </node>    <node id=""Daneel"">      <data key=""d0"">R. Daneel;Daneel</data>    </node>    <node id=""Sammy"">      <data key=""d0"">R. Sammy;Sammy</data>    </node>    <node id=""Enderby"">      <data key=""d0"">Enderby</data>    </node>    <edge source=""Sarton"" target=""Baley"" />    <edge source=""Sarton"" target=""Daneel"" />    <edge source=""Baley"" target=""Francis Clousarr"" />    <edge source=""Baley"" target=""Daneel"" />    <edge source=""Baley"" target=""Enderby"" />    <edge source=""Francis Clousarr"" target=""Sammy"" />    <edge source=""Daneel"" target=""Sammy"" />    <edge source=""Daneel"" target=""Enderby"" />  </graph></graphml>"
lca17,"<graphml xmlns=""http://graphml.graphdrawing.org/xmlns"" xmlns:xsi=""http://www.w3.org/2001/XMLSchema-instance"" xsi:schemaLocation=""http://graphml.graphdrawing.org/xmlns http://graphml.graphdrawing.org/xmlns/1.0/graphml.xsd"">  <key id=""d0"" for=""node"" attr.name=""names"" attr.type=""string"" />  <graph edgedefault=""undirected"">    <node id=""Dr Fastolfe"">      <data key=""d0"">Dr Fastolfe</data>    </node>    <node id=""Sarton"">      <data key=""d0"">Dr Sarton;Sarton</data>    </node>    <node id=""Enderby"">      <data key=""d0"">Julius Enderby;Enderby</data>    </node>    <node id=""Daneel"">      <data key=""d0"">R. Daneel;Daneel</data>    </node>    <node id=""Sammy"">      <data key=""d0"">R. Sammy;Sammy</data>    </node>    <node id=""Baley"">      <data key=""d0"">Baley</data>    </node>    <node id=""Bentley"">      <data key=""d0"">Bentley</data>    </node>    <node id=""Clousarr"">      <data key=""d0"">Clousarr</data>    </node>    <node id=""Elijah"">      <data key=""d0"">Elijah</data>    </node>    <node id=""Jessie"">      <data key=""d0"">Jessie</data>    </node>    <node id=""J&#233;zabel"">      <data key=""d0"">J&#233;zabel</data>    </node>    <node id=""Lije"">      <data key=""d0"">Lije</data>    </node>    <node id=""d&#8217;Enderby"">      <data key=""d0"">d&#8217;Enderby</data>    </node>    <edge source=""Dr Fastolfe"" target=""Daneel"" />    <edge source=""Sarton"" target=""Enderby"" />    <edge source=""Sarton"" target=""Daneel"" />    <edge source=""Sarton"" target=""Sammy"" />    <edge source=""Sarton"" target=""Baley"" />    <edge source=""Sarton"" target=""Clousarr"" />    <edge source=""Sarton"" target=""Elijah"" />    <edge source=""Enderby"" target=""Daneel"" />    <edge source=""Enderby"" target=""Sammy"" />    <edge source=""Enderby"" target=""Baley"" />    <edge source=""Enderby"" target=""Clousarr"" />    <edge source=""Daneel"" target=""Sammy"" />    <edge source=""Daneel"" target=""Baley"" />    <edge source=""Daneel"" target=""Elijah"" />    <edge source=""Daneel"" target=""Jessie"" />    <edge source=""Daneel"" target=""d&#8217;Enderby"" />    <edge source=""Sammy"" target=""Lije"" />    <edge source=""Baley"" target=""Clousarr"" />    <edge source=""Baley"" target=""Elijah"" />    <edge source=""Baley"" target=""Jessie"" />    <edge source=""Baley"" target=""d&#8217;Enderby"" />    <edge source=""Clousarr"" target=""Jessie"" />    <edge source=""Jessie"" target=""J&#233;zabel"" />  </graph></graphml>"
paf0,"<graphml xmlns=""http://graphml.graphdrawing.org/xmlns"" xmlns:xsi=""http://www.w3.org/2001/XMLSchema-instance"" xsi:schemaLocation=""http://graphml.graphdrawing.org/xmlns http://graphml.graphdrawing.org/xmlns/1.0/graphml.xsd"">  <key id=""d0"" for=""node"" attr.name=""names"" attr.type=""string"" />  <graph edgedefault=""undirected"">    <node id=""Alban Wellis"">      <data key=""d0"">Lieutenant Alban Wellis;Alban Wellis;Lieutenant;Wellis</data>    </node>    <node id=""CL&#201;ON Ier"">      <data key=""d0"">CL&#201;ON Ier;Cl&#233;on</data>    </node>    <node id=""Demerzel"">      <data key=""d0"">d&#8217;Eto Demerzel;Eto Demerzel;Demerzel</data>    </node>    <node id=""GALACTICA2 &#201;touffant"">      <data key=""d0"">GALACTICA2 &#201;touffant</data>    </node>    <node id=""Hari Seldon"">      <data key=""d0"">Hari Seldon;Seldon</data>    </node>    <node id=""Empereur"">      <data key=""d0"">Empereur</data>    </node>    <node id=""Hummin"">      <data key=""d0"">Hummin</data>    </node>    <node id=""L&#8217;Empereur"">      <data key=""d0"">L&#8217;Empereur</data>    </node>    <node id=""Sire"">      <data key=""d0"">Sire</data>    </node>    <edge source=""Alban Wellis"" target=""Demerzel"" />    <edge source=""Alban Wellis"" target=""Hari Seldon"" />    <edge source=""Alban Wellis"" target=""L&#8217;Empereur"" />    <edge source=""Alban Wellis"" target=""Sire"" />    <edge source=""CL&#201;ON Ier"" target=""Demerzel"" />    <edge source=""CL&#201;ON Ier"" target=""GALACTICA2 &#201;touffant"" />    <edge source=""CL&#201;ON Ier"" target=""Hari Seldon"" />    <edge source=""CL&#201;ON Ier"" target=""Empereur"" />    <edge source=""CL&#201;ON Ier"" target=""L&#8217;Empereur"" />    <edge source=""CL&#201;ON Ier"" target=""Sire"" />    <edge source=""Demerzel"" target=""GALACTICA2 &#201;touffant"" />    <edge source=""Demerzel"" target=""Hari Seldon"" />    <edge source=""Demerzel"" target=""Empereur"" />    <edge source=""Demerzel"" target=""Hummin"" />    <edge source=""Demerzel"" target=""L&#8217;Empereur"" />    <edge source=""Demerzel"" target=""Sire"" />    <edge source=""GALACTICA2 &#201;touffant"" target=""Hari Seldon"" />    <edge source=""GALACTICA2 &#201;touffant"" target=""Empereur"" />    <edge source=""Hari Seldon"" target=""Empereur"" />    <edge source=""Hari Seldon"" target=""Hummin"" />    <edge source=""Hari Seldon"" target=""L&#8217;Empereur"" />    <edge source=""L&#8217;Empereur"" target=""Sire"" />  </graph></graphml>"
paf1,"<graphml xmlns=""http://graphml.graphdrawing.org/xmlns"" xmlns:xsi=""http://www.w3.org/2001/XMLSchema-instance"" xsi:schemaLocation=""http://graphml.graphdrawing.org/xmlns http://graphml.graphdrawing.org/xmlns/1.0/graphml.xsd"">  <key id=""d0"" for=""node"" attr.name=""names"" attr.type=""string"" />  <graph edgedefault=""undirected"">    <node id=""Cl&#233;on Ier"">      <data key=""d0"">Cl&#233;on Ier</data>    </node>    <node id=""GALACTICA Seldon"">      <data key=""d0"">GALACTICA Seldon;Seldon grima&#231;a;Seldon renifla;Hari Seldon;Seldon</data>    </node>    <node id=""Alem"">      <data key=""d0"">Alem</data>    </node>    <node id=""Anacr&#233;on"">      <data key=""d0"">Anacr&#233;on</data>    </node>    <node id=""Demerzel"">      <data key=""d0"">Demerzel</data>    </node>    <node id=""Hummin"">      <data key=""d0"">Hummin</data>    </node>    <node id=""Marbie"">      <data key=""d0"">Marbie</data>    </node>    <node id=""l&#8217;Empereur"">      <data key=""d0"">l&#8217;Empereur</data>    </node>    <edge source=""GALACTICA Seldon"" target=""Alem"" />    <edge source=""GALACTICA Seldon"" target=""Demerzel"" />    <edge source=""GALACTICA Seldon"" target=""Hummin"" />    <edge source=""GALACTICA Seldon"" target=""Marbie"" />    <edge source=""GALACTICA Seldon"" target=""l&#8217;Empereur"" />    <edge source=""Alem"" target=""Hummin"" />    <edge source=""Alem"" target=""Marbie"" />    <edge source=""Demerzel"" target=""l&#8217;Empereur"" />    <edge source=""Hummin"" target=""Marbie"" />    <edge source=""Hummin"" target=""l&#8217;Empereur"" />  </graph></graphml>"
paf2,"<graphml xmlns=""http://graphml.graphdrawing.org/xmlns"" xmlns:xsi=""http://www.w3.org/2001/XMLSchema-instance"" xsi:schemaLocation=""http://graphml.graphdrawing.org/xmlns http://graphml.graphdrawing.org/xmlns/1.0/graphml.xsd"">  <key id=""d0"" for=""node"" attr.name=""names"" attr.type=""string"" />  <graph edgedefault=""undirected"">    <node id=""Chetter Hummin"">      <data key=""d0"">Chetter Hummin;Hummin</data>    </node>    <node id=""Hari Seldon"">      <data key=""d0"">Hari Seldon;Seldon</data>    </node>    <node id=""Demerzel"">      <data key=""d0"">Demerzel</data>    </node>    <node id=""H&#233;licon"">      <data key=""d0"">H&#233;licon</data>    </node>    <node id=""L&#8217;Empereur"">      <data key=""d0"">L&#8217;Empereur</data>    </node>    <node id=""Strelitzia"">      <data key=""d0"">Strelitzia</data>    </node>    <node id=""Suaverose"">      <data key=""d0"">Suaverose</data>    </node>    <edge source=""Chetter Hummin"" target=""Hari Seldon"" />    <edge source=""Hari Seldon"" target=""Demerzel"" />    <edge source=""Hari Seldon"" target=""H&#233;licon"" />    <edge source=""Hari Seldon"" target=""L&#8217;Empereur"" />    <edge source=""Hari Seldon"" target=""Strelitzia"" />    <edge source=""Hari Seldon"" target=""Suaverose"" />    <edge source=""Demerzel"" target=""L&#8217;Empereur"" />    <edge source=""Strelitzia"" target=""Suaverose"" />  </graph></graphml>"
paf3,"<graphml xmlns=""http://graphml.graphdrawing.org/xmlns"" xmlns:xsi=""http://www.w3.org/2001/XMLSchema-instance"" xsi:schemaLocation=""http://graphml.graphdrawing.org/xmlns http://graphml.graphdrawing.org/xmlns/1.0/graphml.xsd"">  <key id=""d0"" for=""node"" attr.name=""names"" attr.type=""string"" />  <graph edgedefault=""undirected"">    <node id=""Hari"">      <data key=""d0"">&#8213; docteur Seldon;Hari Seldon;&#8213; Seldon;Seldon;Hari</data>    </node>    <node id=""Chetter"">      <data key=""d0"">Chetter Hummin;Chetter;Hummin</data>    </node>    <node id=""Dors"">      <data key=""d0"">Dors Venabili;Venabili;Dors</data>    </node>    <node id=""Cinna"">      <data key=""d0"">Cinna</data>    </node>    <node id=""Cl&#233;on"">      <data key=""d0"">Cl&#233;on</data>    </node>    <node id=""Demerzel"">      <data key=""d0"">Demerzel</data>    </node>    <node id=""Empereur"">      <data key=""d0"">Empereur</data>    </node>    <node id=""Exo"">      <data key=""d0"">Exo</data>    </node>    <node id=""Kan"">      <data key=""d0"">Kan</data>    </node>    <node id=""L&#8217;Empereur"">      <data key=""d0"">L&#8217;Empereur</data>    </node>    <node id=""Sire"">      <data key=""d0"">Sire</data>    </node>    <edge source=""Hari"" target=""Chetter"" />    <edge source=""Hari"" target=""Dors"" />    <edge source=""Hari"" target=""Cinna"" />    <edge source=""Hari"" target=""Demerzel"" />    <edge source=""Hari"" target=""Empereur"" />    <edge source=""Hari"" target=""Kan"" />    <edge source=""Hari"" target=""Sire"" />    <edge source=""Chetter"" target=""Dors"" />    <edge source=""Dors"" target=""Cinna"" />    <edge source=""Cl&#233;on"" target=""Demerzel"" />    <edge source=""Cl&#233;on"" target=""Empereur"" />    <edge source=""Cl&#233;on"" target=""Kan"" />    <edge source=""Cl&#233;on"" target=""L&#8217;Empereur"" />    <edge source=""Cl&#233;on"" target=""Sire"" />    <edge source=""Demerzel"" target=""Empereur"" />    <edge source=""Demerzel"" target=""Kan"" />    <edge source=""Demerzel"" target=""L&#8217;Empereur"" />    <edge source=""Demerzel"" target=""Sire"" />    <edge source=""Kan"" target=""Sire"" />    <edge source=""L&#8217;Empereur"" target=""Sire"" />  </graph></graphml>"
paf4,"<graphml xmlns=""http://graphml.graphdrawing.org/xmlns"" xmlns:xsi=""http://www.w3.org/2001/XMLSchema-instance"" xsi:schemaLocation=""http://graphml.graphdrawing.org/xmlns http://graphml.graphdrawing.org/xmlns/1.0/graphml.xsd"">  <key id=""d0"" for=""node"" attr.name=""names"" attr.type=""string"" />  <graph edgedefault=""undirected"">    <node id=""Dors"">      <data key=""d0"">Dors Venabili;Dors</data>    </node>    <node id=""Hari"">      <data key=""d0"">Hari Seldon;Seldon;Hari</data>    </node>    <node id=""Jenarr Leggen"">      <data key=""d0"">docteur Leggen;Jenarr Leggen;Leggen</data>    </node>    <node id=""Kiangtow Randa"">      <data key=""d0"">Kiangtow Randa;Randa</data>    </node>    <node id=""Clowzia"">      <data key=""d0"">Clowzia</data>    </node>    <node id=""Hummin"">      <data key=""d0"">Hummin</data>    </node>    <node id=""Lisung"">      <data key=""d0"">Lisung</data>    </node>    <node id=""Marcher"">      <data key=""d0"">Marcher</data>    </node>    <edge source=""Dors"" target=""Hari"" />    <edge source=""Dors"" target=""Kiangtow Randa"" />    <edge source=""Dors"" target=""Lisung"" />    <edge source=""Hari"" target=""Jenarr Leggen"" />    <edge source=""Hari"" target=""Kiangtow Randa"" />    <edge source=""Hari"" target=""Clowzia"" />    <edge source=""Hari"" target=""Hummin"" />    <edge source=""Hari"" target=""Lisung"" />    <edge source=""Jenarr Leggen"" target=""Clowzia"" />    <edge source=""Kiangtow Randa"" target=""Lisung"" />  </graph></graphml>"
paf5,"<graphml xmlns=""http://graphml.graphdrawing.org/xmlns"" xmlns:xsi=""http://www.w3.org/2001/XMLSchema-instance"" xsi:schemaLocation=""http://graphml.graphdrawing.org/xmlns http://graphml.graphdrawing.org/xmlns/1.0/graphml.xsd"">  <key id=""d0"" for=""node"" attr.name=""names"" attr.type=""string"" />  <graph edgedefault=""undirected"">    <node id=""Benastra"">      <data key=""d0"">Surprise de Benastra;Benastra</data>    </node>    <node id=""Controverse Leggen"">      <data key=""d0"">Controverse Leggen;docteur Venabili;docteur Leggen;docteur Seldon;Dors Venabili;Jenarr Leggen;Hari Seldon;Venabili;Jenarr;Leggen;Seldon;Hari</data>    </node>    <node id=""Clowzia"">      <data key=""d0"">Clowzia</data>    </node>    <edge source=""Benastra"" target=""Controverse Leggen"" />    <edge source=""Controverse Leggen"" target=""Clowzia"" />  </graph></graphml>"
paf6,"<graphml xmlns=""http://graphml.graphdrawing.org/xmlns"" xmlns:xsi=""http://www.w3.org/2001/XMLSchema-instance"" xsi:schemaLocation=""http://graphml.graphdrawing.org/xmlns http://graphml.graphdrawing.org/xmlns/1.0/graphml.xsd"">  <key id=""d0"" for=""node"" attr.name=""names"" attr.type=""string"" />  <graph edgedefault=""undirected"">    <node id=""Damiano Nord"">      <data key=""d0"">Damiano Nord</data>    </node>    <node id=""Dors Venabili"">      <data key=""d0"">Dors Venabili</data>    </node>    <node id=""Demerzel"">      <data key=""d0"">Eto Demerzel;Demerzel</data>    </node>    <node id=""Hari"">      <data key=""d0"">Hari Seldon;Seldon;Hari</data>    </node>    <node id=""Leggen"">      <data key=""d0"">docteur Leggen;Leggen</data>    </node>    <node id=""Cinna"">      <data key=""d0"">Cinna</data>    </node>    <node id=""Cl&#233;on"">      <data key=""d0"">Cl&#233;on</data>    </node>    <node id=""Hummin"">      <data key=""d0"">Hummin</data>    </node>    <node id=""Kan"">      <data key=""d0"">Kan</data>    </node>    <node id=""Primo"">      <data key=""d0"">Primo</data>    </node>    <node id=""Randa"">      <data key=""d0"">Randa</data>    </node>    <node id=""Ziggoreth"">      <data key=""d0"">Ziggoreth</data>    </node>    <edge source=""Damiano Nord"" target=""Leggen"" />    <edge source=""Damiano Nord"" target=""Kan"" />    <edge source=""Damiano Nord"" target=""Ziggoreth"" />    <edge source=""Dors Venabili"" target=""Hari"" />    <edge source=""Demerzel"" target=""Hari"" />    <edge source=""Demerzel"" target=""Hummin"" />    <edge source=""Hari"" target=""Leggen"" />    <edge source=""Hari"" target=""Cl&#233;on"" />    <edge source=""Hari"" target=""Hummin"" />    <edge source=""Hari"" target=""Kan"" />    <edge source=""Hari"" target=""Randa"" />    <edge source=""Leggen"" target=""Hummin"" />    <edge source=""Leggen"" target=""Kan"" />    <edge source=""Leggen"" target=""Primo"" />    <edge source=""Leggen"" target=""Ziggoreth"" />    <edge source=""Cl&#233;on"" target=""Kan"" />    <edge source=""Hummin"" target=""Primo"" />    <edge source=""Hummin"" target=""Randa"" />    <edge source=""Kan"" target=""Ziggoreth"" />  </graph></graphml>"
paf7,"<graphml xmlns=""http://graphml.graphdrawing.org/xmlns"" xmlns:xsi=""http://www.w3.org/2001/XMLSchema-instance"" xsi:schemaLocation=""http://graphml.graphdrawing.org/xmlns http://graphml.graphdrawing.org/xmlns/1.0/graphml.xsd"">  <key id=""d0"" for=""node"" attr.name=""names"" attr.type=""string"" />  <graph edgedefault=""undirected"">    <node id=""mouleront votre cr&#226;ne"">      <data key=""d0"">mouleront votre cr&#226;ne</data>    </node>    <node id=""Chetter Hummin"">      <data key=""d0"">Chetter Hummin;Hummin</data>    </node>    <node id=""Dors Venabili"">      <data key=""d0"">Dors Venabili</data>    </node>    <node id=""Endor Levanian"">      <data key=""d0"">Endor Levanian;Levanian</data>    </node>    <node id=""Goutte-de-Pluie Quarante"">      <data key=""d0"">Goutte-de-Pluie Quarante-trois;Goutte-de-Pluie Quarante</data>    </node>    <node id=""Hari"">      <data key=""d0"">Hari Seldon;Seldon;Hari</data>    </node>    <node id=""Goutte"">      <data key=""d0"">&#8213; Goutte;Goutte</data>    </node>    <node id=""Cinna"">      <data key=""d0"">Cinna</data>    </node>    <node id=""Clowzia"">      <data key=""d0"">Clowzia</data>    </node>    <node id=""Fr&#232;re"">      <data key=""d0"">Fr&#232;re</data>    </node>    <node id=""Grisnuage"">      <data key=""d0"">Grisnuage</data>    </node>    <node id=""Lugubre"">      <data key=""d0"">Lugubre</data>    </node>    <node id=""Ma&#238;tre"">      <data key=""d0"">Ma&#238;tre</data>    </node>    <node id=""micro-aliments"">      <data key=""d0"">micro-aliments</data>    </node>    <edge source=""Chetter Hummin"" target=""Endor Levanian"" />    <edge source=""Dors Venabili"" target=""Hari"" />    <edge source=""Endor Levanian"" target=""Hari"" />    <edge source=""Goutte-de-Pluie Quarante"" target=""Goutte"" />    <edge source=""Hari"" target=""Cinna"" />    <edge source=""Hari"" target=""Clowzia"" />    <edge source=""Hari"" target=""Fr&#232;re"" />    <edge source=""Hari"" target=""Grisnuage"" />    <edge source=""Hari"" target=""Lugubre"" />    <edge source=""Hari"" target=""Ma&#238;tre"" />    <edge source=""Fr&#232;re"" target=""Lugubre"" />  </graph></graphml>"
paf8,"<graphml xmlns=""http://graphml.graphdrawing.org/xmlns"" xmlns:xsi=""http://www.w3.org/2001/XMLSchema-instance"" xsi:schemaLocation=""http://graphml.graphdrawing.org/xmlns http://graphml.graphdrawing.org/xmlns/1.0/graphml.xsd"">  <key id=""d0"" for=""node"" attr.name=""names"" attr.type=""string"" />  <graph edgedefault=""undirected"">    <node id=""&#8213; A Trantor"">      <data key=""d0"">&#8213; A Trantor</data>    </node>    <node id=""Chetter Hummin"">      <data key=""d0"">Chetter Hummin;Hummin</data>    </node>    <node id=""Goutte-de-Pluie Quarante-trois"">      <data key=""d0"">Goutte-de-Pluie Quarante-trois</data>    </node>    <node id=""Hari"">      <data key=""d0"">Hari Seldon;Seldon;Hari</data>    </node>    <node id=""Fr&#232;re"">      <data key=""d0"">Le Fr&#232;re;Fr&#232;re</data>    </node>    <node id=""de-Pluie Quarante"">      <data key=""d0"">de-Pluie Quarante</data>    </node>    <node id=""Dors"">      <data key=""d0"">Dors</data>    </node>    <node id=""Grisnuage"">      <data key=""d0"">Grisnuage</data>    </node>    <node id=""S&#339;ur"">      <data key=""d0"">S&#339;ur</data>    </node>    <edge source=""&#8213; A Trantor"" target=""Hari"" />    <edge source=""Chetter Hummin"" target=""Hari"" />    <edge source=""Chetter Hummin"" target=""Dors"" />    <edge source=""Goutte-de-Pluie Quarante-trois"" target=""Hari"" />    <edge source=""Goutte-de-Pluie Quarante-trois"" target=""Fr&#232;re"" />    <edge source=""Goutte-de-Pluie Quarante-trois"" target=""S&#339;ur"" />    <edge source=""Hari"" target=""Fr&#232;re"" />    <edge source=""Hari"" target=""Dors"" />    <edge source=""Hari"" target=""Grisnuage"" />    <edge source=""Hari"" target=""S&#339;ur"" />    <edge source=""Fr&#232;re"" target=""S&#339;ur"" />    <edge source=""Dors"" target=""Grisnuage"" />    <edge source=""Dors"" target=""S&#339;ur"" />  </graph></graphml>"
paf9,"<graphml xmlns=""http://graphml.graphdrawing.org/xmlns"" xmlns:xsi=""http://www.w3.org/2001/XMLSchema-instance"" xsi:schemaLocation=""http://graphml.graphdrawing.org/xmlns http://graphml.graphdrawing.org/xmlns/1.0/graphml.xsd"">  <key id=""d0"" for=""node"" attr.name=""names"" attr.type=""string"" />  <graph edgedefault=""undirected"">    <node id=""Dors Venabili"">      <data key=""d0"">Dors Venabili</data>    </node>    <node id=""Hari"">      <data key=""d0"">Hari Seldon;Seldon;Hari</data>    </node>    <node id=""La S&#339;ur"">      <data key=""d0"">La S&#339;ur;S&#339;ur</data>    </node>    <node id=""Fr&#232;re"">      <data key=""d0"">Fr&#232;re</data>    </node>    <node id=""H&#233;licon"">      <data key=""d0"">H&#233;licon</data>    </node>    <edge source=""Dors Venabili"" target=""Hari"" />    <edge source=""Hari"" target=""La S&#339;ur"" />    <edge source=""Hari"" target=""Fr&#232;re"" />    <edge source=""Hari"" target=""H&#233;licon"" />  </graph></graphml>"
paf10,"<graphml xmlns=""http://graphml.graphdrawing.org/xmlns"" xmlns:xsi=""http://www.w3.org/2001/XMLSchema-instance"" xsi:schemaLocation=""http://graphml.graphdrawing.org/xmlns http://graphml.graphdrawing.org/xmlns/1.0/graphml.xsd"">  <key id=""d0"" for=""node"" attr.name=""names"" attr.type=""string"" />  <graph edgedefault=""undirected"">    <node id=""Fils"">      <data key=""d0"">Fils de l&#8217;Aube;Fils</data>    </node>    <node id=""Dors Venabili"">      <data key=""d0"">Dors Venabili</data>    </node>    <node id=""Hari"">      <data key=""d0"">Hari Seldon;Seldon;Hari</data>    </node>    <node id=""Myc&#233;lium"">      <data key=""d0"">Myc&#233;lium Soixante-douze;Myc&#233;lium</data>    </node>    <node id=""Aurora"">      <data key=""d0"">Aurora</data>    </node>    <node id=""Cinna"">      <data key=""d0"">Cinna</data>    </node>    <node id=""Fr&#232;re"">      <data key=""d0"">Fr&#232;re</data>    </node>    <node id=""Hummin"">      <data key=""d0"">Hummin</data>    </node>    <node id=""H&#233;licon"">      <data key=""d0"">H&#233;licon</data>    </node>    <node id=""Lissauer"">      <data key=""d0"">Lissauer</data>    </node>    <node id=""Novigor"">      <data key=""d0"">Novigor</data>    </node>    <node id=""Superbe"">      <data key=""d0"">Superbe</data>    </node>    <node id=""S&#339;ur"">      <data key=""d0"">S&#339;ur</data>    </node>    <node id=""S&#339;urs"">      <data key=""d0"">S&#339;urs</data>    </node>    <edge source=""Fils"" target=""Myc&#233;lium"" />    <edge source=""Dors Venabili"" target=""Hari"" />    <edge source=""Dors Venabili"" target=""Cinna"" />    <edge source=""Hari"" target=""Myc&#233;lium"" />    <edge source=""Hari"" target=""Aurora"" />    <edge source=""Hari"" target=""Cinna"" />    <edge source=""Hari"" target=""Fr&#232;re"" />    <edge source=""Hari"" target=""Hummin"" />    <edge source=""Hari"" target=""Superbe"" />    <edge source=""Hari"" target=""S&#339;urs"" />    <edge source=""Myc&#233;lium"" target=""Lissauer"" />    <edge source=""Myc&#233;lium"" target=""Novigor"" />    <edge source=""Lissauer"" target=""Novigor"" />  </graph></graphml>"
paf11,"<graphml xmlns=""http://graphml.graphdrawing.org/xmlns"" xmlns:xsi=""http://www.w3.org/2001/XMLSchema-instance"" xsi:schemaLocation=""http://graphml.graphdrawing.org/xmlns http://graphml.graphdrawing.org/xmlns/1.0/graphml.xsd"">  <key id=""d0"" for=""node"" attr.name=""names"" attr.type=""string"" />  <graph edgedefault=""undirected"">    <node id=""Bande-c&#233;leste Deux"">      <data key=""d0"">Bande-c&#233;leste Deux</data>    </node>    <node id=""Barbare Seldon"">      <data key=""d0"">Barbare Seldon;Hari Seldon;Seldon;Hari</data>    </node>    <node id=""Dors Venabili"">      <data key=""d0"">docteur Venabili;Dors Venabili;Venabili</data>    </node>    <node id=""Demerzel"">      <data key=""d0"">Eto Demerzel;Demerzel</data>    </node>    <node id=""Fr&#232;re"">      <data key=""d0"">Fr&#232;re honoraire;Fr&#232;re</data>    </node>    <node id=""Grand Ancien"">      <data key=""d0"">Grand Ancien</data>    </node>    <node id=""Myc&#233;lium Soixante-douze"">      <data key=""d0"">Myc&#233;lium Soixante-douze</data>    </node>    <node id=""&#8213; Ren&#233;gat"">      <data key=""d0"">&#8213; Ren&#233;gat</data>    </node>    <node id=""Bendar"">      <data key=""d0"">Bendar</data>    </node>    <node id=""Chetter"">      <data key=""d0"">Chetter</data>    </node>    <node id=""Hummin"">      <data key=""d0"">Hummin</data>    </node>    <node id=""Streeling"">      <data key=""d0"">Streeling</data>    </node>    <node id=""Wendome"">      <data key=""d0"">Wendome</data>    </node>    <node id=""l&#8217;Empereur"">      <data key=""d0"">l&#8217;Empereur</data>    </node>    <edge source=""Barbare Seldon"" target=""Dors Venabili"" />    <edge source=""Barbare Seldon"" target=""Myc&#233;lium Soixante-douze"" />    <edge source=""Barbare Seldon"" target=""&#8213; Ren&#233;gat"" />    <edge source=""Barbare Seldon"" target=""Chetter"" />    <edge source=""Barbare Seldon"" target=""Hummin"" />    <edge source=""Barbare Seldon"" target=""Streeling"" />    <edge source=""Dors Venabili"" target=""Grand Ancien"" />    <edge source=""Dors Venabili"" target=""Hummin"" />    <edge source=""Demerzel"" target=""Grand Ancien"" />    <edge source=""Demerzel"" target=""l&#8217;Empereur"" />    <edge source=""Fr&#232;re"" target=""Hummin"" />    <edge source=""Fr&#232;re"" target=""l&#8217;Empereur"" />    <edge source=""Grand Ancien"" target=""Hummin"" />    <edge source=""Bendar"" target=""Wendome"" />    <edge source=""Chetter"" target=""Hummin"" />    <edge source=""Chetter"" target=""Streeling"" />    <edge source=""Hummin"" target=""l&#8217;Empereur"" />  </graph></graphml>"
paf12,"<graphml xmlns=""http://graphml.graphdrawing.org/xmlns"" xmlns:xsi=""http://www.w3.org/2001/XMLSchema-instance"" xsi:schemaLocation=""http://graphml.graphdrawing.org/xmlns http://graphml.graphdrawing.org/xmlns/1.0/graphml.xsd"">  <key id=""d0"" for=""node"" attr.name=""names"" attr.type=""string"" />  <graph edgedefault=""undirected"">    <node id=""Grimace de Seldon"">      <data key=""d0"">Grimace de Seldon;Soupir de Seldon;docteur Seldon;Ma&#238;tre Seldon;Hari Seldon;Seldon;Hari</data>    </node>    <node id=""Anat Bigell"">      <data key=""d0"">Anat Bigell</data>    </node>    <node id=""Dors Venabili"">      <data key=""d0"">Ma&#238;tresse Tisalver;Ma&#238;tresse Venabili;Dors Venabili;Ma&#238;tresse;Tisalver;Venabili</data>    </node>    <node id=""Goutte-de-Pluie Quarante-trois"">      <data key=""d0"">Goutte-de-Pluie Quarante-trois</data>    </node>    <node id=""Hano Lindor"">      <data key=""d0"">Hano Lindor;Lindor</data>    </node>    <node id=""M&#232;re Rittah"">      <data key=""d0"">M&#232;re Rittah</data>    </node>    <node id=""d&#8217;Anat Bigell"">      <data key=""d0"">d&#8217;Anat Bigell</data>    </node>    <node id=""Amaryl"">      <data key=""d0"">Amaryl</data>    </node>    <node id=""Aurora"">      <data key=""d0"">Aurora</data>    </node>    <node id=""Casilia"">      <data key=""d0"">Casilia</data>    </node>    <node id=""Cl&#233;on"">      <data key=""d0"">Cl&#233;on</data>    </node>    <node id=""Dahl"">      <data key=""d0"">Dahl</data>    </node>    <node id=""Demerzel"">      <data key=""d0"">Demerzel</data>    </node>    <node id=""Descendants"">      <data key=""d0"">Descendants</data>    </node>    <node id=""Empereur"">      <data key=""d0"">Empereur</data>    </node>    <node id=""Hummin"">      <data key=""d0"">Hummin</data>    </node>    <node id=""Kan"">      <data key=""d0"">Kan</data>    </node>    <node id=""L&#8217;Empereur"">      <data key=""d0"">L&#8217;Empereur</data>    </node>    <node id=""Sire"">      <data key=""d0"">Sire</data>    </node>    <node id=""Violents"">      <data key=""d0"">Violents</data>    </node>    <node id=""chicanez"">      <data key=""d0"">chicanez</data>    </node>    <node id=""d&#8217;H&#233;licon"">      <data key=""d0"">d&#8217;H&#233;licon</data>    </node>    <edge source=""Grimace de Seldon"" target=""Dors Venabili"" />    <edge source=""Grimace de Seldon"" target=""Hano Lindor"" />    <edge source=""Grimace de Seldon"" target=""d&#8217;Anat Bigell"" />    <edge source=""Grimace de Seldon"" target=""Amaryl"" />    <edge source=""Grimace de Seldon"" target=""Casilia"" />    <edge source=""Grimace de Seldon"" target=""Cl&#233;on"" />    <edge source=""Grimace de Seldon"" target=""Dahl"" />    <edge source=""Grimace de Seldon"" target=""Descendants"" />    <edge source=""Grimace de Seldon"" target=""Hummin"" />    <edge source=""Grimace de Seldon"" target=""L&#8217;Empereur"" />    <edge source=""Grimace de Seldon"" target=""Sire"" />    <edge source=""Grimace de Seldon"" target=""chicanez"" />    <edge source=""Grimace de Seldon"" target=""d&#8217;H&#233;licon"" />    <edge source=""Dors Venabili"" target=""Hano Lindor"" />    <edge source=""Dors Venabili"" target=""Casilia"" />    <edge source=""Dors Venabili"" target=""Dahl"" />    <edge source=""Dors Venabili"" target=""L&#8217;Empereur"" />    <edge source=""Dors Venabili"" target=""d&#8217;H&#233;licon"" />    <edge source=""d&#8217;Anat Bigell"" target=""Amaryl"" />    <edge source=""Amaryl"" target=""Descendants"" />    <edge source=""Amaryl"" target=""Violents"" />    <edge source=""Casilia"" target=""d&#8217;H&#233;licon"" />    <edge source=""Cl&#233;on"" target=""Demerzel"" />    <edge source=""Cl&#233;on"" target=""Empereur"" />    <edge source=""Cl&#233;on"" target=""Kan"" />    <edge source=""Cl&#233;on"" target=""Sire"" />    <edge source=""Cl&#233;on"" target=""chicanez"" />    <edge source=""Dahl"" target=""Descendants"" />    <edge source=""Dahl"" target=""Hummin"" />    <edge source=""Demerzel"" target=""Empereur"" />    <edge source=""Demerzel"" target=""L&#8217;Empereur"" />    <edge source=""Demerzel"" target=""Sire"" />    <edge source=""Kan"" target=""L&#8217;Empereur"" />    <edge source=""Kan"" target=""Sire"" />    <edge source=""L&#8217;Empereur"" target=""Sire"" />    <edge source=""Sire"" target=""chicanez"" />  </graph></graphml>"
paf13,"<graphml xmlns=""http://graphml.graphdrawing.org/xmlns"" xmlns:xsi=""http://www.w3.org/2001/XMLSchema-instance"" xsi:schemaLocation=""http://graphml.graphdrawing.org/xmlns http://graphml.graphdrawing.org/xmlns/1.0/graphml.xsd"">  <key id=""d0"" for=""node"" attr.name=""names"" attr.type=""string"" />  <graph edgedefault=""undirected"">    <node id=""Chetter Hummin"">      <data key=""d0"">Chetter Hummin;Hummin</data>    </node>    <node id=""Dors Venabili"">      <data key=""d0"">Dors Venabili</data>    </node>    <node id=""Hari"">      <data key=""d0"">Ma&#238;tre Seldon;Hari Seldon;Seldon;Hari</data>    </node>    <node id=""La fille"">      <data key=""d0"">La fille</data>    </node>    <node id=""Ma&#238;tresse Venabili"">      <data key=""d0"">Ma&#238;tresse Venabili</data>    </node>    <node id=""M&#232;re"">      <data key=""d0"">M&#232;re Rittah;Rittah;M&#232;re</data>    </node>    <node id=""Yugo Amaryl"">      <data key=""d0"">Yugo Amaryl</data>    </node>    <node id=""tite dame"">      <data key=""d0"">tite dame</data>    </node>    <node id=""Ba-Lee"">      <data key=""d0"">Ba-Lee</data>    </node>    <node id=""Bouge"">      <data key=""d0"">Bouge</data>    </node>    <node id=""Casilia"">      <data key=""d0"">Casilia</data>    </node>    <node id=""Cinna"">      <data key=""d0"">Cinna</data>    </node>    <node id=""Dahl"">      <data key=""d0"">Dahl</data>    </node>    <node id=""Demerzel"">      <data key=""d0"">Demerzel</data>    </node>    <node id=""H&#233;licon"">      <data key=""d0"">H&#233;licon</data>    </node>    <node id=""Marron"">      <data key=""d0"">Marron</data>    </node>    <node id=""N&#226;n"">      <data key=""d0"">N&#226;n</data>    </node>    <node id=""Raison"">      <data key=""d0"">Raison</data>    </node>    <node id=""Raych"">      <data key=""d0"">Raych</data>    </node>    <node id=""Tenez"">      <data key=""d0"">Tenez</data>    </node>    <node id=""Tisalver"">      <data key=""d0"">Tisalver</data>    </node>    <node id=""feinta"">      <data key=""d0"">feinta</data>    </node>    <node id=""l&#8217;Empereur"">      <data key=""d0"">l&#8217;Empereur</data>    </node>    <edge source=""Chetter Hummin"" target=""Hari"" />    <edge source=""Chetter Hummin"" target=""Demerzel"" />    <edge source=""Chetter Hummin"" target=""l&#8217;Empereur"" />    <edge source=""Dors Venabili"" target=""Hari"" />    <edge source=""Dors Venabili"" target=""M&#232;re"" />    <edge source=""Dors Venabili"" target=""Cinna"" />    <edge source=""Dors Venabili"" target=""Raison"" />    <edge source=""Hari"" target=""La fille"" />    <edge source=""Hari"" target=""Ma&#238;tresse Venabili"" />    <edge source=""Hari"" target=""M&#232;re"" />    <edge source=""Hari"" target=""Bouge"" />    <edge source=""Hari"" target=""Casilia"" />    <edge source=""Hari"" target=""Cinna"" />    <edge source=""Hari"" target=""Marron"" />    <edge source=""Hari"" target=""Raison"" />    <edge source=""Hari"" target=""Raych"" />    <edge source=""Hari"" target=""Tisalver"" />    <edge source=""La fille"" target=""Bouge"" />    <edge source=""La fille"" target=""Marron"" />    <edge source=""Ma&#238;tresse Venabili"" target=""Tisalver"" />    <edge source=""M&#232;re"" target=""Cinna"" />    <edge source=""M&#232;re"" target=""Raison"" />    <edge source=""M&#232;re"" target=""Raych"" />    <edge source=""Yugo Amaryl"" target=""Demerzel"" />    <edge source=""Yugo Amaryl"" target=""l&#8217;Empereur"" />    <edge source=""Casilia"" target=""Tisalver"" />    <edge source=""Cinna"" target=""Raison"" />    <edge source=""Dahl"" target=""Raison"" />    <edge source=""Demerzel"" target=""l&#8217;Empereur"" />    <edge source=""N&#226;n"" target=""Raych"" />  </graph></graphml>"
paf14,"<graphml xmlns=""http://graphml.graphdrawing.org/xmlns"" xmlns:xsi=""http://www.w3.org/2001/XMLSchema-instance"" xsi:schemaLocation=""http://graphml.graphdrawing.org/xmlns http://graphml.graphdrawing.org/xmlns/1.0/graphml.xsd"">  <key id=""d0"" for=""node"" attr.name=""names"" attr.type=""string"" />  <graph edgedefault=""undirected"">    <node id=""Appelez-moi Davan"">      <data key=""d0"">Ma&#238;tresse Tisalver;Ma&#238;tresse Venabili;Appelez-moi Davan;Ma&#238;tre Tisalver;Dors Venabili;Ma&#238;tre Davan;Tisalver;Venabili;Davan</data>    </node>    <node id=""Hari Seldon"">      <data key=""d0"">Seldon sourit;Hari Seldon;Seldon</data>    </node>    <node id=""Marlo Tanto"">      <data key=""d0"">Marlo Tanto</data>    </node>    <node id=""Amaryl"">      <data key=""d0"">Yugo Amaryl;Amaryl</data>    </node>    <node id=""tite dame"">      <data key=""d0"">tite dame</data>    </node>    <node id=""Ch&#8217;sais"">      <data key=""d0"">Ch&#8217;sais</data>    </node>    <node id=""Dahl"">      <data key=""d0"">Dahl</data>    </node>    <node id=""Demerzel"">      <data key=""d0"">Demerzel</data>    </node>    <node id=""Hummin"">      <data key=""d0"">Hummin</data>    </node>    <node id=""Raych"">      <data key=""d0"">Raych</data>    </node>    <node id=""f&#8217;"">      <data key=""d0"">f&#8217;</data>    </node>    <node id=""l&#8217;Empereur"">      <data key=""d0"">l&#8217;Empereur</data>    </node>    <node id=""p&#8217;t-&#234;tre"">      <data key=""d0"">p&#8217;t-&#234;tre</data>    </node>    <edge source=""Appelez-moi Davan"" target=""Hari Seldon"" />    <edge source=""Appelez-moi Davan"" target=""Amaryl"" />    <edge source=""Appelez-moi Davan"" target=""Ch&#8217;sais"" />    <edge source=""Appelez-moi Davan"" target=""Hummin"" />    <edge source=""Appelez-moi Davan"" target=""Raych"" />    <edge source=""Hari Seldon"" target=""Amaryl"" />    <edge source=""Hari Seldon"" target=""Demerzel"" />    <edge source=""Hari Seldon"" target=""Hummin"" />    <edge source=""Hari Seldon"" target=""Raych"" />    <edge source=""Demerzel"" target=""l&#8217;Empereur"" />    <edge source=""Raych"" target=""p&#8217;t-&#234;tre"" />  </graph></graphml>"
paf15,"<graphml xmlns=""http://graphml.graphdrawing.org/xmlns"" xmlns:xsi=""http://www.w3.org/2001/XMLSchema-instance"" xsi:schemaLocation=""http://graphml.graphdrawing.org/xmlns http://graphml.graphdrawing.org/xmlns/1.0/graphml.xsd"">  <key id=""d0"" for=""node"" attr.name=""names"" attr.type=""string"" />  <graph edgedefault=""undirected"">    <node id=""Hari"">      <data key=""d0"">Hari Seldon d&#8217;H&#233;licon;Ma&#238;tre Seldon;Hari Seldon;Seldon;Hari</data>    </node>    <node id=""Dors Venabili"">      <data key=""d0"">Dors Venabili</data>    </node>    <node id=""Elgin Marron"">      <data key=""d0"">Elgin Marron;Marron</data>    </node>    <node id=""Lanel Russ"">      <data key=""d0"">Lanel Russ;Russ</data>    </node>    <node id=""Ma&#238;tresse"">      <data key=""d0"">Ma&#238;tresse Tisalver;Ma&#238;tresse;Tisalver</data>    </node>    <node id=""Astinwald"">      <data key=""d0"">Astinwald</data>    </node>    <node id=""Casilia"">      <data key=""d0"">Casilia</data>    </node>    <node id=""Cinna"">      <data key=""d0"">Cinna</data>    </node>    <node id=""Dahl"">      <data key=""d0"">Dahl</data>    </node>    <node id=""Davan"">      <data key=""d0"">Davan</data>    </node>    <node id=""Demerzel"">      <data key=""d0"">Demerzel</data>    </node>    <node id=""Empereur"">      <data key=""d0"">Empereur</data>    </node>    <node id=""Gebore"">      <data key=""d0"">Gebore</data>    </node>    <node id=""Hummin"">      <data key=""d0"">Hummin</data>    </node>    <node id=""Kan"">      <data key=""d0"">Kan</data>    </node>    <node id=""L&#8217;Empereur"">      <data key=""d0"">L&#8217;Empereur</data>    </node>    <node id=""Raych"">      <data key=""d0"">Raych</data>    </node>    <edge source=""Hari"" target=""Dors Venabili"" />    <edge source=""Hari"" target=""Lanel Russ"" />    <edge source=""Hari"" target=""Ma&#238;tresse"" />    <edge source=""Hari"" target=""Astinwald"" />    <edge source=""Hari"" target=""Cinna"" />    <edge source=""Hari"" target=""Dahl"" />    <edge source=""Hari"" target=""Davan"" />    <edge source=""Hari"" target=""Empereur"" />    <edge source=""Hari"" target=""Gebore"" />    <edge source=""Hari"" target=""Kan"" />    <edge source=""Hari"" target=""L&#8217;Empereur"" />    <edge source=""Hari"" target=""Raych"" />    <edge source=""Dors Venabili"" target=""Lanel Russ"" />    <edge source=""Dors Venabili"" target=""Ma&#238;tresse"" />    <edge source=""Dors Venabili"" target=""Cinna"" />    <edge source=""Lanel Russ"" target=""Ma&#238;tresse"" />    <edge source=""Lanel Russ"" target=""Astinwald"" />    <edge source=""Lanel Russ"" target=""Cinna"" />    <edge source=""Lanel Russ"" target=""Gebore"" />    <edge source=""Lanel Russ"" target=""Raych"" />    <edge source=""Ma&#238;tresse"" target=""Casilia"" />    <edge source=""Ma&#238;tresse"" target=""Cinna"" />    <edge source=""Ma&#238;tresse"" target=""Empereur"" />    <edge source=""Ma&#238;tresse"" target=""Raych"" />    <edge source=""Astinwald"" target=""Gebore"" />    <edge source=""Astinwald"" target=""Raych"" />    <edge source=""Dahl"" target=""Davan"" />    <edge source=""Dahl"" target=""Kan"" />    <edge source=""Dahl"" target=""Raych"" />    <edge source=""Hummin"" target=""L&#8217;Empereur"" />    <edge source=""Kan"" target=""L&#8217;Empereur"" />    <edge source=""L&#8217;Empereur"" target=""Raych"" />  </graph></graphml>"
paf16,"<graphml xmlns=""http://graphml.graphdrawing.org/xmlns"" xmlns:xsi=""http://www.w3.org/2001/XMLSchema-instance"" xsi:schemaLocation=""http://graphml.graphdrawing.org/xmlns http://graphml.graphdrawing.org/xmlns/1.0/graphml.xsd"">  <key id=""d0"" for=""node"" attr.name=""names"" attr.type=""string"" />  <graph edgedefault=""undirected"">    <node id=""&#8213; madame le Maire &#8214;"">      <data key=""d0"">&#8213; madame le Maire &#8214;</data>    </node>    <node id=""Kan"">      <data key=""d0"">Kan d&#8217;&#8213; anti-empereurs &#8214;;Kan KAN;Kan</data>    </node>    <node id=""madame l&#8217;imp&#233;ratrice de Rien"">      <data key=""d0"">madame l&#8217;imp&#233;ratrice de Rien</data>    </node>    <node id=""Dors Venabili"">      <data key=""d0"">docteur Dors Venabili;Seldon grommela;docteur Seldon;Dors Venabili;Ma&#238;tre Seldon;Hari Seldon;Venabili;Ma&#238;tre;Seldon;Hari</data>    </node>    <node id=""l&#8217;imp&#233;ratrice de Rien"">      <data key=""d0"">l&#8217;imp&#233;ratrice de Rien</data>    </node>    <node id=""madame le Maire"">      <data key=""d0"">madame le Maire</data>    </node>    <node id=""Chetter Hummin"">      <data key=""d0"">Chetter Hummin;Hummin</data>    </node>    <node id=""Emmer Thalus"">      <data key=""d0"">Emmer Thalus;Thalus</data>    </node>    <node id=""Mannix"">      <data key=""d0"">Mannix IV;Mannix</data>    </node>    <node id=""Yugo Amaryl"">      <data key=""d0"">Yugo Amaryl</data>    </node>    <node id=""Attendez"">      <data key=""d0"">Attendez</data>    </node>    <node id=""Collaborez"">      <data key=""d0"">Collaborez</data>    </node>    <node id=""Dahl"">      <data key=""d0"">Dahl</data>    </node>    <node id=""Davan"">      <data key=""d0"">Davan</data>    </node>    <node id=""Demerzel"">      <data key=""d0"">Demerzel</data>    </node>    <node id=""Empereur"">      <data key=""d0"">Empereur</data>    </node>    <node id=""Maire"">      <data key=""d0"">Maire</data>    </node>    <node id=""M&#8217;dame"">      <data key=""d0"">M&#8217;dame</data>    </node>    <node id=""Rachelle"">      <data key=""d0"">Rachelle</data>    </node>    <node id=""Raych"">      <data key=""d0"">Raych</data>    </node>    <node id=""Sergent"">      <data key=""d0"">Sergent</data>    </node>    <node id=""kanite"">      <data key=""d0"">kanite</data>    </node>    <node id=""l&#8217;Empereur"">      <data key=""d0"">l&#8217;Empereur</data>    </node>    <edge source=""&#8213; madame le Maire &#8214;"" target=""Dors Venabili"" />    <edge source=""&#8213; madame le Maire &#8214;"" target=""madame le Maire"" />    <edge source=""&#8213; madame le Maire &#8214;"" target=""Maire"" />    <edge source=""&#8213; madame le Maire &#8214;"" target=""Rachelle"" />    <edge source=""Kan"" target=""Dors Venabili"" />    <edge source=""Kan"" target=""madame le Maire"" />    <edge source=""Kan"" target=""Chetter Hummin"" />    <edge source=""Kan"" target=""Mannix"" />    <edge source=""Kan"" target=""Attendez"" />    <edge source=""Kan"" target=""Collaborez"" />    <edge source=""Kan"" target=""Demerzel"" />    <edge source=""Kan"" target=""Empereur"" />    <edge source=""Kan"" target=""Maire"" />    <edge source=""Kan"" target=""Rachelle"" />    <edge source=""Kan"" target=""l&#8217;Empereur"" />    <edge source=""madame l&#8217;imp&#233;ratrice de Rien"" target=""l&#8217;imp&#233;ratrice de Rien"" />    <edge source=""Dors Venabili"" target=""madame le Maire"" />    <edge source=""Dors Venabili"" target=""Chetter Hummin"" />    <edge source=""Dors Venabili"" target=""Emmer Thalus"" />    <edge source=""Dors Venabili"" target=""Mannix"" />    <edge source=""Dors Venabili"" target=""Dahl"" />    <edge source=""Dors Venabili"" target=""Davan"" />    <edge source=""Dors Venabili"" target=""Maire"" />    <edge source=""Dors Venabili"" target=""M&#8217;dame"" />    <edge source=""Dors Venabili"" target=""Rachelle"" />    <edge source=""Dors Venabili"" target=""Raych"" />    <edge source=""Dors Venabili"" target=""Sergent"" />    <edge source=""madame le Maire"" target=""Mannix"" />    <edge source=""madame le Maire"" target=""Maire"" />    <edge source=""madame le Maire"" target=""Rachelle"" />    <edge source=""Chetter Hummin"" target=""Dahl"" />    <edge source=""Chetter Hummin"" target=""Rachelle"" />    <edge source=""Emmer Thalus"" target=""Yugo Amaryl"" />    <edge source=""Emmer Thalus"" target=""Dahl"" />    <edge source=""Emmer Thalus"" target=""Davan"" />    <edge source=""Emmer Thalus"" target=""Raych"" />    <edge source=""Emmer Thalus"" target=""Sergent"" />    <edge source=""Mannix"" target=""Maire"" />    <edge source=""Yugo Amaryl"" target=""Sergent"" />    <edge source=""Attendez"" target=""Rachelle"" />    <edge source=""Dahl"" target=""Rachelle"" />    <edge source=""Dahl"" target=""Raych"" />    <edge source=""Dahl"" target=""Sergent"" />    <edge source=""Davan"" target=""Raych"" />    <edge source=""Davan"" target=""Sergent"" />    <edge source=""Maire"" target=""Rachelle"" />    <edge source=""Maire"" target=""Raych"" />    <edge source=""M&#8217;dame"" target=""Rachelle"" />    <edge source=""M&#8217;dame"" target=""Raych"" />    <edge source=""Rachelle"" target=""Raych"" />    <edge source=""Rachelle"" target=""kanite"" />    <edge source=""Rachelle"" target=""l&#8217;Empereur"" />    <edge source=""Raych"" target=""Sergent"" />  </graph></graphml>"
paf17,"<graphml xmlns=""http://graphml.graphdrawing.org/xmlns"" xmlns:xsi=""http://www.w3.org/2001/XMLSchema-instance"" xsi:schemaLocation=""http://graphml.graphdrawing.org/xmlns http://graphml.graphdrawing.org/xmlns/1.0/graphml.xsd"">  <key id=""d0"" for=""node"" attr.name=""names"" attr.type=""string"" />  <graph edgedefault=""undirected"">    <node id=""Madame le Maire"">      <data key=""d0"">Madame le Maire;madame Maire</data>    </node>    <node id=""Chetter Hummin"">      <data key=""d0"">Chetter Hummin;Hummin</data>    </node>    <node id=""Dors Venabili"">      <data key=""d0"">Dors Venabili;Venabili</data>    </node>    <node id=""Mannix"">      <data key=""d0"">Mannix IV;Mannix</data>    </node>    <node id=""Ma&#238;tre Seldon"">      <data key=""d0"">Seldon sursauta;Ma&#238;tre Seldon;Seldon</data>    </node>    <node id=""Rachelle"">      <data key=""d0"">Rachelle Ire;Rachelle</data>    </node>    <node id=""Cl&#233;on"">      <data key=""d0"">Cl&#233;on</data>    </node>    <node id=""Dahlite"">      <data key=""d0"">Dahlite</data>    </node>    <node id=""Demerzel"">      <data key=""d0"">Demerzel</data>    </node>    <node id=""EMMER"">      <data key=""d0"">EMMER</data>    </node>    <node id=""Hari"">      <data key=""d0"">Hari</data>    </node>    <node id=""Idiot"">      <data key=""d0"">Idiot</data>    </node>    <node id=""Kan"">      <data key=""d0"">Kan</data>    </node>    <node id=""Maire"">      <data key=""d0"">Maire</data>    </node>    <node id=""Raych"">      <data key=""d0"">Raych</data>    </node>    <node id=""Reculez"">      <data key=""d0"">Reculez</data>    </node>    <node id=""Thalus"">      <data key=""d0"">Thalus</data>    </node>    <node id=""l&#8217;Empereur"">      <data key=""d0"">l&#8217;Empereur</data>    </node>    <edge source=""Madame le Maire"" target=""Dors Venabili"" />    <edge source=""Madame le Maire"" target=""Ma&#238;tre Seldon"" />    <edge source=""Madame le Maire"" target=""Maire"" />    <edge source=""Madame le Maire"" target=""Raych"" />    <edge source=""Madame le Maire"" target=""Thalus"" />    <edge source=""Chetter Hummin"" target=""Dors Venabili"" />    <edge source=""Chetter Hummin"" target=""Ma&#238;tre Seldon"" />    <edge source=""Chetter Hummin"" target=""Rachelle"" />    <edge source=""Chetter Hummin"" target=""Dahlite"" />    <edge source=""Chetter Hummin"" target=""Demerzel"" />    <edge source=""Chetter Hummin"" target=""Idiot"" />    <edge source=""Chetter Hummin"" target=""Kan"" />    <edge source=""Chetter Hummin"" target=""Raych"" />    <edge source=""Dors Venabili"" target=""Mannix"" />    <edge source=""Dors Venabili"" target=""Ma&#238;tre Seldon"" />    <edge source=""Dors Venabili"" target=""Rachelle"" />    <edge source=""Dors Venabili"" target=""Dahlite"" />    <edge source=""Dors Venabili"" target=""Demerzel"" />    <edge source=""Dors Venabili"" target=""Idiot"" />    <edge source=""Dors Venabili"" target=""Maire"" />    <edge source=""Dors Venabili"" target=""Raych"" />    <edge source=""Mannix"" target=""Ma&#238;tre Seldon"" />    <edge source=""Mannix"" target=""Rachelle"" />    <edge source=""Mannix"" target=""Dahlite"" />    <edge source=""Mannix"" target=""Maire"" />    <edge source=""Mannix"" target=""Raych"" />    <edge source=""Ma&#238;tre Seldon"" target=""Rachelle"" />    <edge source=""Ma&#238;tre Seldon"" target=""Dahlite"" />    <edge source=""Ma&#238;tre Seldon"" target=""Demerzel"" />    <edge source=""Ma&#238;tre Seldon"" target=""Hari"" />    <edge source=""Ma&#238;tre Seldon"" target=""Kan"" />    <edge source=""Ma&#238;tre Seldon"" target=""Maire"" />    <edge source=""Ma&#238;tre Seldon"" target=""Raych"" />    <edge source=""Ma&#238;tre Seldon"" target=""l&#8217;Empereur"" />    <edge source=""Rachelle"" target=""Dahlite"" />    <edge source=""Rachelle"" target=""Demerzel"" />    <edge source=""Rachelle"" target=""Idiot"" />    <edge source=""Rachelle"" target=""Kan"" />    <edge source=""Rachelle"" target=""Raych"" />    <edge source=""Rachelle"" target=""l&#8217;Empereur"" />    <edge source=""Cl&#233;on"" target=""Demerzel"" />    <edge source=""Dahlite"" target=""Raych"" />    <edge source=""Demerzel"" target=""Idiot"" />    <edge source=""EMMER"" target=""Kan"" />    <edge source=""EMMER"" target=""Thalus"" />    <edge source=""Kan"" target=""Thalus"" />    <edge source=""Kan"" target=""l&#8217;Empereur"" />    <edge source=""Maire"" target=""Raych"" />    <edge source=""Maire"" target=""Thalus"" />  </graph></graphml>"
paf18,"<graphml xmlns=""http://graphml.graphdrawing.org/xmlns"" xmlns:xsi=""http://www.w3.org/2001/XMLSchema-instance"" xsi:schemaLocation=""http://graphml.graphdrawing.org/xmlns http://graphml.graphdrawing.org/xmlns/1.0/graphml.xsd"">  <key id=""d0"" for=""node"" attr.name=""names"" attr.type=""string"" />  <graph edgedefault=""undirected"">    <node id=""Kan"">      <data key=""d0"">Mannix IV de Kan;Mannix;Kan</data>    </node>    <node id=""Hari"">      <data key=""d0"">Raych Seldon;Hari Seldon;Seldon;Raych;Hari</data>    </node>    <node id=""M&#232;re Rittah"">      <data key=""d0"">M&#232;re Rittah;Rittah</data>    </node>    <node id=""Yugo Amaryl"">      <data key=""d0"">Yugo Amaryl</data>    </node>    <node id=""Aurora"">      <data key=""d0"">Aurora</data>    </node>    <node id=""Cl&#233;on"">      <data key=""d0"">Cl&#233;on</data>    </node>    <node id=""Dahlite"">      <data key=""d0"">Dahlite</data>    </node>    <node id=""Daneel"">      <data key=""d0"">Daneel</data>    </node>    <node id=""Dors"">      <data key=""d0"">Dors</data>    </node>    <node id=""Hummin"">      <data key=""d0"">Hummin</data>    </node>    <node id=""Maire"">      <data key=""d0"">Maire</data>    </node>    <node id=""Rachelle"">      <data key=""d0"">Rachelle</data>    </node>    <edge source=""Kan"" target=""Maire"" />    <edge source=""Kan"" target=""Rachelle"" />    <edge source=""Hari"" target=""Yugo Amaryl"" />    <edge source=""Hari"" target=""Dahlite"" />    <edge source=""Hari"" target=""Daneel"" />    <edge source=""Hari"" target=""Dors"" />    <edge source=""Hari"" target=""Hummin"" />    <edge source=""M&#232;re Rittah"" target=""Aurora"" />    <edge source=""Yugo Amaryl"" target=""Dahlite"" />    <edge source=""Daneel"" target=""Dors"" />    <edge source=""Daneel"" target=""Hummin"" />    <edge source=""Dors"" target=""Hummin"" />    <edge source=""Dors"" target=""Maire"" />    <edge source=""Dors"" target=""Rachelle"" />    <edge source=""Maire"" target=""Rachelle"" />  </graph></graphml>"
